﻿{"cameraMode":{"drawMode":0,"name":"Shaded","section":"Shading Mode"},"sceneLighting":true,"audioPlay":false,"sceneViewState":{"showFog":true,"showMaterialUpdate":false,"showSkybox":true,"showFlares":true,"showImageEffects":true,"showParticleSystems":true},"in2DMode":false,"pivot":{"x":2.8134684562683107,"y":-14.167179107666016,"z":-0.46916261315345766},"rotation":{"x":-0.7098603248596191,"y":-0.0038071235176175834,"z":0.003833540016785264,"w":-0.7043286561965942},"size":48.10962677001953,"orthographic":false}